<?xml version="1.0" encoding="UTF-8"?>
<!-- Generated by eXe - http://exelearning.net -->
<manifest identifier="eXeewPackage162cdd05326d507007ad" xmlns="http://www.imsproject.org/xsd/imscp_rootv1p1p2" xmlns:adlcp="http://www.adlnet.org/xsd/adlcp_rootv1p2" xmlns:imsmd="http://www.imsglobal.org/xsd/imsmd_v1p2" xmlns:xsi="http://www.w3.org/2001/XMLSchema-instance" xsi:schemaLocation="http://www.imsproject.org/xsd/imscp_rootv1p1p2 imscp_rootv1p1p2.xsd http://www.imsglobal.org/xsd/imsmd_rootv1p2p1 imsmd_rootv1p2p1.xsd http://www.adlnet.org/xsd/adlcp_rootv1p2 adlcp_rootv1p2.xsd" > 
<metadata> 
 <schema>ADL SCORM</schema> 
 <schemaversion>1.2</schemaversion> 
 <adlcp:location>imslrm.xml</adlcp:location> 
</metadata> 
<organizations default="eXeewPackage162cdd05326d507007ae">  
    <organization identifier="eXeewPackage162cdd05326d507007ae" structure="hierarchical">
        <title>期中作業-疊杯-功能性動作訓練</title>
<item identifier="ITEM-eXeewPackage162cdd05326d507007af" isvisible="true" identifierref="RES-eXeewPackage162cdd05326d507007a10">
    <title>疊杯金氏世界紀錄</title>
<item identifier="ITEM-eXeewPackage162cdd05326d507007a11" isvisible="true" identifierref="RES-eXeewPackage162cdd05326d507007d12">
    <title>影片</title>
</item>
<item identifier="ITEM-eXeewPackage162cdd05326d507007d13" isvisible="true" identifierref="RES-eXeewPackage162cdd05326d507007d14">
    <title>測驗題EXE</title>
</item>
<item identifier="ITEM-eXeewPackage162cdd05326d507007d15" isvisible="true" identifierref="RES-eXeewPackage162cdd05326d507007d16">
    <title>測驗題h5p</title>
</item>
</item>
  </organization>
</organizations>
<resources>
  <resource identifier="RES-eXeewPackage162cdd05326d507007a10" type="webcontent" adlcp:scormtype="sco" href="index.html"> 
    <file href="index.html"/> 
    <file href="exe_html5.js"/>
    <dependency identifierref="COMMON_FILES"/>
  </resource>
  <resource identifier="RES-eXeewPackage162cdd05326d507007d12" type="webcontent" adlcp:scormtype="sco" href="__.html"> 
    <file href="__.html"/> 
    <file href="exe_html5.js"/>
    <file href="exe_effects.css"/>
    <file href="exe_effects.js"/>
    <dependency identifierref="COMMON_FILES"/>
  </resource>
  <resource identifier="RES-eXeewPackage162cdd05326d507007d14" type="webcontent" adlcp:scormtype="sco" href="exe.html"> 
    <file href="exe.html"/> 
    <file href="exe_html5.js"/>
    <file href="interactive-video-bg.gif"/>
    <file href="interactive-video-less.gif"/>
    <file href="interactive-video-loading.gif"/>
    <file href="interactive-video-more.gif"/>
    <file href="interactive-video-sorter.png"/>
    <file href="interactive-video.css"/>
    <file href="interactive-video.js"/>
    <dependency identifierref="COMMON_FILES"/>
  </resource>
  <resource identifier="RES-eXeewPackage162cdd05326d507007d16" type="webcontent" adlcp:scormtype="sco" href="h5p.html"> 
    <file href="h5p.html"/> 
    <file href="exe_html5.js"/>
    <dependency identifierref="COMMON_FILES"/>
  </resource>
  <resource identifier="COMMON_FILES" type="webcontent" adlcp:scormtype="asset">
    <file href="icon_award.png"/>
    <file href="_intef_menu.gif"/>
    <file href="icon_puzzle.png"/>
    <file href="icon_edia.png"/>
    <file href="_intef_print.png"/>
    <file href="content.css"/>
    <file href="icon_stars.png"/>
    <file href="_intef_icons.png"/>
    <file href="_intef_licenses.gif"/>
    <file href="icon_write.png"/>
    <file href="icon_exe.png"/>
    <file href="icon_presentation.png"/>
    <file href="icon_telescope.png"/>
    <file href="EncodeSans-Light_vietnamese.woff2"/>
    <file href="icon_think.png"/>
    <file href="icon_knowledge.png"/>
    <file href="icon_share.png"/>
    <file href="icon_microphone.png"/>
    <file href="icon_atom.png"/>
    <file href="nav.css"/>
    <file href="icon_tree.png"/>
    <file href="icon_beach.png"/>
    <file href="icon_network.png"/>
    <file href="config.xml"/>
    <file href="icon_compass.png"/>
    <file href="icon_classroom.png"/>
    <file href="icon_free_license.png"/>
    <file href="_intef_js.js"/>
    <file href="_intef_header.png"/>
    <file href="_intef_footer.png"/>
    <file href="icon_etwinning.png"/>
    <file href="icon_footprints.png"/>
    <file href="EncodeSans-Light_latin.woff2"/>
    <file href="icon_bulb.png"/>
    <file href="icon_list.png"/>
    <file href="icon_camera.png"/>
    <file href="_intef_title_bg.png"/>
    <file href="icon_teacher_screen.png"/>
    <file href="icon_plus.png"/>
    <file href="EncodeSans-Light_latin-ext.woff2"/>
    <file href="_intef_bg.png"/>
    <file href="_intef_left_column.gif"/>
    <file href="icon_gears.png"/>
    <file href="icon_talk.png"/>
    <file href="base.css"/>
    <file href="popup_bg.gif"/>
    <file href="SCORM_API_wrapper.js"/>
    <file href="SCOFunctions.js"/>
    <file href="common.js"/>
    <file href="common_i18n.js"/>
    <file href="exe_jquery.js"/>
    <file href="content.xsd"/>
    <file href="content.data"/>
    <file href="contentv3.xml"/>
    <file href="imslrm.xml"/>
  </resource>
</resources>
</manifest>
